<?xml version='1.0' encoding='UTF-8'?>
<faces-config version="2.3"
              xmlns="http://xmlns.jcp.org/xml/ns/javaee"
              xmlns:xsi="http://www.w3.org/2001/XMLSchema-instance"
              xsi:schemaLocation="http://xmlns.jcp.org/xml/ns/javaee http://xmlns.jcp.org/xml/ns/javaee/web-facesconfig_2_3.xsd">
    <application> 
        <locale-config> 
            <default-locale>hr</default-locale> 
            <supported-locale>en</supported-locale> 
            <supported-locale>hr</supported-locale> 
        </locale-config> 
        <resource-bundle> 
            <base-name> org.foi.nwtis.hsostaric.web.Prijevod 
            </base-name> 
            <var>p</var> 
        </resource-bundle> 
    </application> 
    <navigation-rule>   
        <from-view-id>/index.xhtml</from-view-id>
        <navigation-case>
            <from-action>izbornikPocetak</from-action> 
            <to-view-id>index.xhtml</to-view-id> 
        </navigation-case>
        <navigation-case>
            <from-action>pogled1</from-action> 
            <to-view-id>/pogled1.xhtml</to-view-id>
            <redirect/> 
        </navigation-case>
        <navigation-case>
            <from-action>pogled3</from-action> 
            <to-view-id>/pogled3.xhtml</to-view-id> 
            <redirect/> 
        </navigation-case>
        <navigation-case>
            <from-action>pogled4</from-action> 
            <to-view-id>/pogled4.xhtml</to-view-id>
            <redirect/> 
        </navigation-case>
        <navigation-case>
            <from-action>pogled5</from-action> 
            <to-view-id>/pogled5.xhtml</to-view-id>
            <redirect/> 
        </navigation-case>
        <navigation-case>
            <from-action>odjava</from-action> 
            <to-view-id>/odjavaKorisnika.xhtml</to-view-id>
            <redirect/>
        </navigation-case>
    </navigation-rule>
    <navigation-rule>   
        <from-view-id>/pogled1.xhtml</from-view-id>
        <navigation-case>
            <from-action>izbornikPocetak</from-action> 
            <to-view-id>index.xhtml</to-view-id>
            <redirect/>
        </navigation-case>
        <navigation-case>
            <from-action>pogled1</from-action> 
            <to-view-id>/pogled1.xhtml</to-view-id>
        </navigation-case>
        <navigation-case>
            <from-outcome>uspjesnaPrijava</from-outcome> 
            <to-view-id>/pogled3.xhtml</to-view-id>
            <redirect/> 
        </navigation-case>
        <navigation-case>
            <from-action>pogled3</from-action> 
            <to-view-id>/pogled3.xhtml</to-view-id> 
            <redirect/> 
        </navigation-case>
        <navigation-case>
            <from-action>pogled4</from-action> 
            <to-view-id>/pogled4.xhtml</to-view-id>
            <redirect/> 
        </navigation-case>
        <navigation-case>
            <from-action>pogled5</from-action> 
            <to-view-id>/pogled5.xhtml</to-view-id>
            <redirect/> 
        </navigation-case>
        <navigation-case>
            <from-action>odjava</from-action> 
            <to-view-id>/odjavaKorisnika.xhtml</to-view-id>
            <redirect/>
        </navigation-case>
    </navigation-rule>
    <navigation-rule>   
        <from-view-id>/pogled3.xhtml</from-view-id>
        <navigation-case>
            <from-action>izbornikPocetak</from-action> 
            <to-view-id>index.xhtml</to-view-id>
            <redirect/>
        </navigation-case>
        <navigation-case>
            <from-action>pogled1</from-action> 
            <to-view-id>/pogled1.xhtml</to-view-id>
            <redirect/>
        </navigation-case>
        <navigation-case>
            <from-action>pogled3</from-action> 
            <to-view-id>/pogled3.xhtml</to-view-id> 
        </navigation-case>
        <navigation-case>
            <from-action>pogled4</from-action> 
            <to-view-id>/pogled4.xhtml</to-view-id>
            <redirect/> 
        </navigation-case>
        <navigation-case>
            <from-action>pogled5</from-action> 
            <to-view-id>/pogled5.xhtml</to-view-id>
            <redirect/> 
        </navigation-case>
        <navigation-case>
            <from-action>odjava</from-action> 
            <to-view-id>/odjavaKorisnika.xhtml</to-view-id>
            <redirect/>
        </navigation-case>
    </navigation-rule>
    <navigation-rule>   
        <from-view-id>/pogled4.xhtml</from-view-id>
        <navigation-case>
            <from-action>izbornikPocetak</from-action> 
            <to-view-id>index.xhtml</to-view-id>
            <redirect/>
        </navigation-case>
        <navigation-case>
            <from-action>pogled1</from-action> 
            <to-view-id>/pogled1.xhtml</to-view-id>
            <redirect/>
        </navigation-case>
        <navigation-case>
            <from-action>pogled3</from-action> 
            <to-view-id>/pogled3.xhtml</to-view-id> 
            <redirect/>
        </navigation-case>
        <navigation-case>
            <from-action>pogled4</from-action> 
            <to-view-id>/pogled4.xhtml</to-view-id>
        </navigation-case>
        <navigation-case>
            <from-action>pogled5</from-action> 
            <to-view-id>/pogled5.xhtml</to-view-id>
            <redirect/> 
        </navigation-case>
        <navigation-case>
            <from-action>odjava</from-action> 
            <to-view-id>/odjavaKorisnika.xhtml</to-view-id>
            <redirect/>
        </navigation-case>
    </navigation-rule>
    <navigation-rule>   
        <from-view-id>/pogled5.xhtml</from-view-id>
        <navigation-case>
            <from-action>izbornikPocetak</from-action> 
            <to-view-id>index.xhtml</to-view-id>
            <redirect/>
        </navigation-case>
        <navigation-case>
            <from-action>pogled1</from-action> 
            <to-view-id>/pogled1.xhtml</to-view-id>
            <redirect/>
        </navigation-case>
        <navigation-case>
            <from-action>pogled3</from-action> 
            <to-view-id>/pogled3.xhtml</to-view-id> 
            <redirect/>
        </navigation-case>
        <navigation-case>
            <from-action>pogled4</from-action> 
            <to-view-id>/pogled4.xhtml</to-view-id>
            <redirect/>
        </navigation-case>
        <navigation-case>
            <from-action>pogled5</from-action> 
            <to-view-id>/pogled5.xhtml</to-view-id>
        </navigation-case>
        <navigation-case>
            <from-action>odjava</from-action> 
            <to-view-id>/odjavaKorisnika.xhtml</to-view-id>
            <redirect/>
        </navigation-case>
    </navigation-rule>
</faces-config>

